{
    "MSE_train": 0.0025681130030510415,
    "RMSE_train": 0.050676552793684,
    "MAE_train": 0.004824826431078624,
    "R2_train": 0.999458978435259,
    "MSE_test": 0.0033129112545017803,
    "RMSE_test": 0.05755789480602796,
    "MAE_test": 0.004893179453002152,
    "R2_test": 0.9993073647313042
}